{
  "version": "2.0",
  "created_time": 1750568217.167179,
  "config": {
    "max_size": 10000,
    "ttl": 604800,
    "auto_save_interval": 50
  },
  "stats": {
    "hits": 143,
    "misses": 2410,
    "expired": 0,
    "evicted": 0,
    "saves": 55,
    "loads": 0,
    "size": 1057
  },
  "performance": {
    "total_get_time": 0.02864551544189453,
    "total_put_time": 0.5139424800872803,
    "get_calls": 2831,
    "put_calls": 1057
  }
}